{"world coordinates": {"x": 60.0, "y": -10.0, "z": -0.913}, "fitting func coefs": {"x5": -0.00356, "x4": 0.0721, "x3": -0.452, "x2": -0.261, "x1": 16.9, "x0": -0.0472}, "camera pose": {"pitch": 0.0, "yaw": 0.0, "roll": 0.0}, "sensor params": {"width": 1536, "height": 1920, "pixel size": 0.003}, "camera coordinates": {"x": -517.6696160156057, "y": -9.509436574040264e-14, "z": 2000.0}, "pixel coordinates": {"x": 0.0, "y": -0.89}}