{"world coordinates": {"x": 60.0, "y": -10.0, "z": -0.913}, "fitting func coefs": {"x5": 0.0008670023, "x4": -0.003112904, "x3": 0.02670557, "x2": -0.006315696, "x1": 9.53184, "x0": -0.0002404873}, "camera pose": {"pitch": 0.0, "yaw": 0.0, "roll": 0.0}, "sensor params": {"width": 1920, "height": 1080, "pixel size": 0.003}, "camera coordinates": {"x": 321.0, "y": 23.0, "z": 310.0}, "pixel coordinates": {"x": 330.3, "y": 97.1}}