{"world coordinates": {"x": 60.0, "y": -10.0, "z": -0.913}, "fitting func coefs": {"x5": -1.876641e-10, "x4": -7.446742e-09, "x3": -2.181705e-06, "x2": -3.051775e-06, "x1": 0.1049506, "x0": -8.559749e-06}, "camera pose": {"yaw": 123.0, "pitch": 0.0, "roll": 0.0}, "sensor params": {"width": 1920, "height": 1080, "pixel size": 0.003}}