{"world coordinates": {"x": 423.0, "y": 17.2, "z": 100.0}, "fitting func coefs": {"x5": -1.88e-10, "x4": -7.45e-09, "x3": -2.18e-06, "x2": -3.05e-06, "x1": 0.105, "x0": -8.56e-06}, "camera pose": {"pitch": 0.0, "yaw": 0.0, "roll": 0.0}, "sensor params": {"width": 1920, "height": 1080, "pixel size": 0.003}, "camera coordinates": {"x": 423.0, "y": 17.2, "z": 100.0}, "pixel coordinates": {"x": -79.67652292362513, "y": 463.2355983931692}}