{"world coordinates": {"x": 0.95, "y": -0.165, "z": 0.04}, "fitting func coefs": {"x5": -1.88e-10, "x4": -7.45e-09, "x3": -2.18e-06, "x2": -3.05e-06, "x1": 0.105, "x0": -8.56e-06}, "camera pose": {"pitch": 0.0, "yaw": 0.0, "roll": 0.0}, "sensor params": {"width": 1920, "height": 1080, "pixel size": 0.003}, "camera coordinates": {"x": 4000.0, "y": 17.2, "z": 100.0}, "pixel coordinates": {"x": -8.619938460444475, "y": 50.11592128165391}}